{
  "exp_id": "phase1_5_S3-F2@0.25_multilingual-e5-large",
  "phase": 1.5,
  "config": {
    "strategy": "S3-F2@0.25",
    "model": "intfloat/multilingual-e5-large",
    "alpha": 0.25,
    "format": "F2",
    "k_top": 5,
    "retrieval_mode": "in_dataset_only",
    "holdout": "leave_one_out"
  },
  "metrics": {
    "heldout": {
      "recall@5_template_macro": 0.5818427328843996,
      "recall@5_template_micro": 0.4201388888888889,
      "recall@5_template_per_dataset": {
        "omhpbh1k83ao8": 1.0,
        "33h8c3n5nbien": 0.19290123456790123,
        "b60rhj4luj0y3": 0.47159090909090906,
        "pzf0mu9kgqz4k": 0.6628787878787878
      },
      "recall@5_template_per_query_type": {
        "T1": 0.4166666666666667,
        "T2": 0.4537037037037037,
        "T3": 0.4351851851851852,
        "T4": 0.375
      },
      "n_queries_evaluated": 216,
      "n_queries_skipped_no_relevant": 52
    },
    "sidecar": {
      "T5_recall@5_template": 0.3056390977443609,
      "T5_n": 19,
      "T6_recall@5_template_full": 0.17669172932330826,
      "T6_recall@5_strict_full": 0.21052631578947367,
      "T6_n": 19
    }
  },
  "timestamp": "2026-05-11T13:45:51.174789+00:00",
  "corpus_size": 67,
  "eval_size": 334
}