{
  "exp_id": "phase1_5_S3-F2@0.25_bge-m3",
  "phase": 1.5,
  "config": {
    "strategy": "S3-F2@0.25",
    "model": "BAAI/bge-m3",
    "alpha": 0.25,
    "format": "F2",
    "k_top": 5,
    "retrieval_mode": "in_dataset_only",
    "holdout": "leave_one_out"
  },
  "metrics": {
    "heldout": {
      "recall@5_template_macro": 0.6088313692480359,
      "recall@5_template_micro": 0.46064814814814814,
      "recall@5_template_per_dataset": {
        "omhpbh1k83ao8": 1.0,
        "33h8c3n5nbien": 0.25540123456790126,
        "b60rhj4luj0y3": 0.5189393939393939,
        "pzf0mu9kgqz4k": 0.6609848484848485
      },
      "recall@5_template_per_query_type": {
        "T1": 0.4675925925925926,
        "T2": 0.5030864197530864,
        "T3": 0.4537037037037037,
        "T4": 0.41820987654320985
      },
      "n_queries_evaluated": 216,
      "n_queries_skipped_no_relevant": 52
    },
    "sidecar": {
      "T5_recall@5_template": 0.29060150375939847,
      "T5_n": 19,
      "T6_recall@5_template_full": 0.17230576441102757,
      "T6_recall@5_strict_full": 0.3157894736842105,
      "T6_n": 19
    }
  },
  "timestamp": "2026-05-11T13:45:51.457322+00:00",
  "corpus_size": 67,
  "eval_size": 334
}