{
  "exp_id": "phase1_5_S3-F2@0.5_multilingual-e5-large",
  "phase": 1.5,
  "config": {
    "strategy": "S3-F2@0.5",
    "model": "intfloat/multilingual-e5-large",
    "alpha": 0.5,
    "format": "F2",
    "k_top": 5,
    "retrieval_mode": "in_dataset_only",
    "holdout": "leave_one_out"
  },
  "metrics": {
    "heldout": {
      "recall@5_template_macro": 0.5963629349046016,
      "recall@5_template_micro": 0.4402006172839506,
      "recall@5_template_per_dataset": {
        "omhpbh1k83ao8": 1.0,
        "33h8c3n5nbien": 0.22067901234567902,
        "b60rhj4luj0y3": 0.4943181818181818,
        "pzf0mu9kgqz4k": 0.6704545454545454
      },
      "recall@5_template_per_query_type": {
        "T1": 0.44598765432098764,
        "T2": 0.4583333333333333,
        "T3": 0.46141975308641975,
        "T4": 0.3950617283950617
      },
      "n_queries_evaluated": 216,
      "n_queries_skipped_no_relevant": 52
    },
    "sidecar": {
      "T5_recall@5_template": 0.3037593984962406,
      "T5_n": 19,
      "T6_recall@5_template_full": 0.20175438596491227,
      "T6_recall@5_strict_full": 0.3157894736842105,
      "T6_n": 19
    }
  },
  "timestamp": "2026-05-11T13:45:51.200457+00:00",
  "corpus_size": 67,
  "eval_size": 334
}