{
  "exp_id": "phase1_5_S3-F1@0.75_multilingual-e5-large",
  "phase": 1.5,
  "config": {
    "strategy": "S3-F1@0.75",
    "model": "intfloat/multilingual-e5-large",
    "alpha": 0.75,
    "format": "F1",
    "k_top": 5,
    "retrieval_mode": "in_dataset_only",
    "holdout": "leave_one_out"
  },
  "metrics": {
    "heldout": {
      "recall@5_template_macro": 0.5615004208754208,
      "recall@5_template_micro": 0.41705246913580246,
      "recall@5_template_per_dataset": {
        "omhpbh1k83ao8": 1.0,
        "33h8c3n5nbien": 0.23842592592592593,
        "b60rhj4luj0y3": 0.3503787878787879,
        "pzf0mu9kgqz4k": 0.6571969696969697
      },
      "recall@5_template_per_query_type": {
        "T1": 0.44135802469135804,
        "T2": 0.4444444444444444,
        "T3": 0.41203703703703703,
        "T4": 0.37037037037037035
      },
      "n_queries_evaluated": 216,
      "n_queries_skipped_no_relevant": 52
    },
    "sidecar": {
      "T5_recall@5_template": 0.3213032581453634,
      "T5_n": 19,
      "T6_recall@5_template_full": 0.2224310776942356,
      "T6_recall@5_strict_full": 0.3157894736842105,
      "T6_n": 19
    }
  },
  "timestamp": "2026-05-11T13:45:51.145527+00:00",
  "corpus_size": 67,
  "eval_size": 334
}