{
  "exp_id": "phase1_5_S3-F1@0.25_bge-m3",
  "phase": 1.5,
  "config": {
    "strategy": "S3-F1@0.25",
    "model": "BAAI/bge-m3",
    "alpha": 0.25,
    "format": "F1",
    "k_top": 5,
    "retrieval_mode": "in_dataset_only",
    "holdout": "leave_one_out"
  },
  "metrics": {
    "heldout": {
      "recall@5_template_macro": 0.5778794893378226,
      "recall@5_template_micro": 0.43634259259259256,
      "recall@5_template_per_dataset": {
        "omhpbh1k83ao8": 1.0,
        "33h8c3n5nbien": 0.25848765432098764,
        "b60rhj4luj0y3": 0.38825757575757575,
        "pzf0mu9kgqz4k": 0.6647727272727273
      },
      "recall@5_template_per_query_type": {
        "T1": 0.41820987654320985,
        "T2": 0.4783950617283951,
        "T3": 0.4660493827160494,
        "T4": 0.38271604938271603
      },
      "n_queries_evaluated": 216,
      "n_queries_skipped_no_relevant": 52
    },
    "sidecar": {
      "T5_recall@5_template": 0.27055137844611526,
      "T5_n": 19,
      "T6_recall@5_template_full": 0.16040100250626566,
      "T6_recall@5_strict_full": 0.2631578947368421,
      "T6_n": 19
    }
  },
  "timestamp": "2026-05-11T13:45:51.374957+00:00",
  "corpus_size": 67,
  "eval_size": 334
}