{
  "exp_id": "phase1_5_S3-F2@0.5_bge-m3",
  "phase": 1.5,
  "config": {
    "strategy": "S3-F2@0.5",
    "model": "BAAI/bge-m3",
    "alpha": 0.5,
    "format": "F2",
    "k_top": 5,
    "retrieval_mode": "in_dataset_only",
    "holdout": "leave_one_out"
  },
  "metrics": {
    "heldout": {
      "recall@5_template_macro": 0.6199670314253648,
      "recall@5_template_micro": 0.4672067901234568,
      "recall@5_template_per_dataset": {
        "omhpbh1k83ao8": 1.0,
        "33h8c3n5nbien": 0.24691358024691357,
        "b60rhj4luj0y3": 0.5359848484848485,
        "pzf0mu9kgqz4k": 0.696969696969697
      },
      "recall@5_template_per_query_type": {
        "T1": 0.46759259259259256,
        "T2": 0.5416666666666666,
        "T3": 0.46141975308641975,
        "T4": 0.39814814814814814
      },
      "n_queries_evaluated": 216,
      "n_queries_skipped_no_relevant": 52
    },
    "sidecar": {
      "T5_recall@5_template": 0.29060150375939847,
      "T5_n": 19,
      "T6_recall@5_template_full": 0.19736842105263158,
      "T6_recall@5_strict_full": 0.3157894736842105,
      "T6_n": 19
    }
  },
  "timestamp": "2026-05-11T13:45:51.483364+00:00",
  "corpus_size": 67,
  "eval_size": 334
}