{
  "exp_id": "phase1_5_S3-F2@0.25_Qodo-Embed-1-1.5B",
  "phase": 1.5,
  "config": {
    "strategy": "S3-F2@0.25",
    "model": "Qodo/Qodo-Embed-1-1.5B",
    "alpha": 0.25,
    "format": "F2",
    "k_top": 5,
    "retrieval_mode": "in_dataset_only",
    "holdout": "leave_one_out"
  },
  "metrics": {
    "heldout": {
      "recall@5_template_macro": 0.638415404040404,
      "recall@5_template_micro": 0.46875,
      "recall@5_template_per_dataset": {
        "omhpbh1k83ao8": 1.0,
        "33h8c3n5nbien": 0.2013888888888889,
        "b60rhj4luj0y3": 0.6628787878787878,
        "pzf0mu9kgqz4k": 0.6893939393939393
      },
      "recall@5_template_per_query_type": {
        "T1": 0.4521604938271605,
        "T2": 0.529320987654321,
        "T3": 0.49228395061728397,
        "T4": 0.4012345679012346
      },
      "n_queries_evaluated": 216,
      "n_queries_skipped_no_relevant": 52
    },
    "sidecar": {
      "T5_recall@5_template": 0.3006265664160401,
      "T5_n": 19,
      "T6_recall@5_template_full": 0.09586466165413533,
      "T6_recall@5_strict_full": 0.15789473684210525,
      "T6_n": 19
    }
  },
  "timestamp": "2026-05-11T13:45:51.723511+00:00",
  "corpus_size": 67,
  "eval_size": 334
}