{
  "exp_id": "phase1_5_S1_multilingual-e5-large",
  "phase": 1.5,
  "config": {
    "strategy": "S1",
    "model": "intfloat/multilingual-e5-large",
    "alpha": null,
    "format": null,
    "k_top": 5,
    "retrieval_mode": "in_dataset_only",
    "holdout": "leave_one_out"
  },
  "metrics": {
    "heldout": {
      "recall@5_template_macro": 0.5416842031425365,
      "recall@5_template_micro": 0.3993055555555555,
      "recall@5_template_per_dataset": {
        "omhpbh1k83ao8": 1.0,
        "33h8c3n5nbien": 0.2330246913580247,
        "b60rhj4luj0y3": 0.3560606060606061,
        "pzf0mu9kgqz4k": 0.5776515151515151
      },
      "recall@5_template_per_query_type": {
        "T1": 0.4089506172839506,
        "T2": 0.4243827160493827,
        "T3": 0.39969135802469136,
        "T4": 0.36419753086419754
      },
      "n_queries_evaluated": 216,
      "n_queries_skipped_no_relevant": 52
    },
    "sidecar": {
      "T5_recall@5_template": 0.3162907268170426,
      "T5_n": 19,
      "T6_recall@5_template_full": 0.17418546365914786,
      "T6_recall@5_strict_full": 0.3157894736842105,
      "T6_n": 19
    }
  },
  "timestamp": "2026-05-11T13:45:50.992763+00:00",
  "corpus_size": 67,
  "eval_size": 334
}