{
  "exp_id": "phase2_cascade_tau0.65",
  "phase": 2,
  "config": {
    "router": "cascade",
    "tau": 0.65,
    "k_min": 3,
    "k_final": 5,
    "model": "Qodo/Qodo-Embed-1-1.5B",
    "strategy": "S4"
  },
  "metrics": {
    "recall@5_template_macro": 0.40655787047973385,
    "recall@5_template_micro": 0.40811546840958607,
    "recall@5_template_per_dataset": {
      "omhpbh1k83ao8": 0.28660714285714284,
      "33h8c3n5nbien": 0.3308190476190476,
      "b60rhj4luj0y3": 0.5455284552845528,
      "pzf0mu9kgqz4k": 0.4632768361581921
    },
    "n_queries_template": 306,
    "recall@5_strict_macro": 0.8632051185453085,
    "recall@5_strict_micro": 0.9006968641114983,
    "recall@5_strict_per_dataset": {
      "omhpbh1k83ao8": 0.8055555555555556,
      "33h8c3n5nbien": 1.0,
      "b60rhj4luj0y3": 0.9240506329113924,
      "pzf0mu9kgqz4k": 0.7232142857142857
    },
    "n_queries_strict": 287,
    "routing_accuracy": 0.7904191616766467,
    "fallback_rate": 0.20958083832335328
  },
  "timestamp": "2026-05-10T09:55:26.365983+00:00",
  "corpus_size": 67,
  "eval_size": 334
}