{
  "exp_id": "phase1_5_S2-F2_Qodo-Embed-1-1.5B",
  "phase": 1.5,
  "config": {
    "strategy": "S2-F2",
    "model": "Qodo/Qodo-Embed-1-1.5B",
    "alpha": null,
    "format": "F2",
    "k_top": 5,
    "retrieval_mode": "in_dataset_only",
    "holdout": "leave_one_out"
  },
  "metrics": {
    "heldout": {
      "recall@5_template_macro": 0.6282968574635241,
      "recall@5_template_micro": 0.4737654320987654,
      "recall@5_template_per_dataset": {
        "omhpbh1k83ao8": 1.0,
        "33h8c3n5nbien": 0.24614197530864199,
        "b60rhj4luj0y3": 0.5890151515151515,
        "pzf0mu9kgqz4k": 0.678030303030303
      },
      "recall@5_template_per_query_type": {
        "T1": 0.44753086419753085,
        "T2": 0.4984567901234568,
        "T3": 0.5308641975308642,
        "T4": 0.41820987654320985
      },
      "n_queries_evaluated": 216,
      "n_queries_skipped_no_relevant": 52
    },
    "sidecar": {
      "T5_recall@5_template": 0.3213032581453634,
      "T5_n": 19,
      "T6_recall@5_template_full": 0.14097744360902256,
      "T6_recall@5_strict_full": 0.15789473684210525,
      "T6_n": 19
    }
  },
  "timestamp": "2026-05-11T13:45:51.609576+00:00",
  "corpus_size": 67,
  "eval_size": 334
}