{
  "exp_id": "phase1_5_S3-F1@0.5_bge-m3",
  "phase": 1.5,
  "config": {
    "strategy": "S3-F1@0.5",
    "model": "BAAI/bge-m3",
    "alpha": 0.5,
    "format": "F1",
    "k_top": 5,
    "retrieval_mode": "in_dataset_only",
    "holdout": "leave_one_out"
  },
  "metrics": {
    "heldout": {
      "recall@5_template_macro": 0.5790193602693603,
      "recall@5_template_micro": 0.4375,
      "recall@5_template_per_dataset": {
        "omhpbh1k83ao8": 1.0,
        "33h8c3n5nbien": 0.25925925925925924,
        "b60rhj4luj0y3": 0.375,
        "pzf0mu9kgqz4k": 0.6818181818181818
      },
      "recall@5_template_per_query_type": {
        "T1": 0.41203703703703703,
        "T2": 0.5092592592592593,
        "T3": 0.4567901234567901,
        "T4": 0.37191358024691357
      },
      "n_queries_evaluated": 216,
      "n_queries_skipped_no_relevant": 52
    },
    "sidecar": {
      "T5_recall@5_template": 0.27556390977443607,
      "T5_n": 19,
      "T6_recall@5_template_full": 0.19987468671679198,
      "T6_recall@5_strict_full": 0.2631578947368421,
      "T6_n": 19
    }
  },
  "timestamp": "2026-05-11T13:45:51.401118+00:00",
  "corpus_size": 67,
  "eval_size": 334
}