{
  "exp_id": "phase1_5_S2-F1_bge-m3",
  "phase": 1.5,
  "config": {
    "strategy": "S2-F1",
    "model": "BAAI/bge-m3",
    "alpha": null,
    "format": "F1",
    "k_top": 5,
    "retrieval_mode": "in_dataset_only",
    "holdout": "leave_one_out"
  },
  "metrics": {
    "heldout": {
      "recall@5_template_macro": 0.6082351290684624,
      "recall@5_template_micro": 0.4645061728395062,
      "recall@5_template_per_dataset": {
        "omhpbh1k83ao8": 1.0,
        "33h8c3n5nbien": 0.2700617283950617,
        "b60rhj4luj0y3": 0.4564393939393939,
        "pzf0mu9kgqz4k": 0.7064393939393939
      },
      "recall@5_template_per_query_type": {
        "T1": 0.4228395061728395,
        "T2": 0.5077160493827161,
        "T3": 0.49074074074074076,
        "T4": 0.4367283950617284
      },
      "n_queries_evaluated": 216,
      "n_queries_skipped_no_relevant": 52
    },
    "sidecar": {
      "T5_recall@5_template": 0.3286967418546366,
      "T5_n": 19,
      "T6_recall@5_template_full": 0.20739348370927319,
      "T6_recall@5_strict_full": 0.3684210526315789,
      "T6_n": 19
    }
  },
  "timestamp": "2026-05-11T13:45:51.319348+00:00",
  "corpus_size": 67,
  "eval_size": 334
}