{
  "exp_id": "S3-F2@0.25_Qodo-Embed-1-1.5B",
  "phase": 1,
  "config": {
    "strategy": "S3-F2@0.25",
    "model": "Qodo/Qodo-Embed-1-1.5B",
    "alpha": 0.25,
    "format": "F2",
    "k_top": 10
  },
  "metrics": {
    "recall@1_template_macro": 0.4037875474240329,
    "recall@1_template_micro": 0.3842231010051079,
    "recall@1_template_per_dataset": {
      "omhpbh1k83ao8": 0.553921568627451,
      "33h8c3n5nbien": 0.33217142857142856,
      "b60rhj4luj0y3": 0.48227848101265824,
      "pzf0mu9kgqz4k": 0.24677871148459382
    },
    "recall@1_template_cross_dataset": 0.019047619047619046,
    "recall@1_strict_macro": 0.7726171571169302,
    "recall@1_strict_micro": 0.7835820895522388,
    "recall@1_strict_per_dataset": {
      "omhpbh1k83ao8": 0.8571428571428571,
      "33h8c3n5nbien": 0.8879310344827587,
      "b60rhj4luj0y3": 0.6578947368421053,
      "pzf0mu9kgqz4k": 0.6875
    },
    "recall@1_strict_cross_dataset": 0.05263157894736842,
    "recall@5_template_macro": 0.7372086090132255,
    "recall@5_template_micro": 0.6617399901136926,
    "recall@5_template_per_dataset": {
      "omhpbh1k83ao8": 0.9901960784313726,
      "33h8c3n5nbien": 0.4744380952380952,
      "b60rhj4luj0y3": 0.8063291139240506,
      "pzf0mu9kgqz4k": 0.6778711484593838
    },
    "n_queries_with_template_in_dataset": 289,
    "recall@5_template_cross_dataset": 0.03571428571428571,
    "n_queries_t6_with_template_cross": 35,
    "recall@5_strict_macro": 0.9581557611701668,
    "recall@5_strict_micro": 0.9664179104477612,
    "recall@5_strict_per_dataset": {
      "omhpbh1k83ao8": 0.9821428571428571,
      "33h8c3n5nbien": 0.9913793103448276,
      "b60rhj4luj0y3": 0.9736842105263158,
      "pzf0mu9kgqz4k": 0.8854166666666666
    },
    "recall@5_strict_cross_dataset": 0.15789473684210525,
    "recall@10_template_macro": 0.8535833351061943,
    "recall@10_template_micro": 0.7774921733399242,
    "recall@10_template_per_dataset": {
      "omhpbh1k83ao8": 1.0,
      "33h8c3n5nbien": 0.5734476190476191,
      "b60rhj4luj0y3": 0.8974683544303798,
      "pzf0mu9kgqz4k": 0.9434173669467787
    },
    "recall@10_template_cross_dataset": 0.1145578231292517,
    "recall@10_strict_macro": 0.9915021929824561,
    "recall@10_strict_micro": 0.9925373134328358,
    "recall@10_strict_per_dataset": {
      "omhpbh1k83ao8": 1.0,
      "33h8c3n5nbien": 1.0,
      "b60rhj4luj0y3": 0.9868421052631579,
      "pzf0mu9kgqz4k": 0.9791666666666666
    },
    "recall@10_strict_cross_dataset": 0.3157894736842105,
    "latency_ms_p50": 0.02574920654296875,
    "embed_corpus_seconds": 7.46,
    "embed_queries_seconds": 0.02
  },
  "timestamp": "2026-05-10T00:10:47.326380+00:00",
  "corpus_size": 67,
  "eval_size": 334
}